"url, title, page_address, status, meter, total, finish_date"
"憲法と社会問題を身近なものに！「マガ９タイムス」創刊!!,/projects/magazine9,プロジェクトが成立しました！,148%,445000,4月22日"
"世界の様々な境遇の子ども達に奨学金を提供したい！！,/projects/isak2014,プロジェクトが成立しました！,118%,3545000,4月21日"
"台風の被害にあったタクロバンの子供たちを笑顔にさせたい！,/projects/takuroban310,プロジェクトが成立しました！,100%,150000,4月19日"
"世界の『おふくろの味』を堪能する旅、帰国後に学生居酒屋出店,/projects/sekainoohukuro,プロジェクトが成立しました！,102%,410000,4月19日"
"彫刻機が故障！女川町の復興を願う木工房でものづくりを続けたい,/projects/OnagawaFish,プロジェクトが成立しました！,106%,1591000,4月19日"
"かなえあい®ワークショップ・プロジェクト！,/projects/kanaeai1,プロジェクトが成立しました！,105%,158000,4月19日"
"鳥取をもっと楽しくするコミュニティーハウスをつくりたい！,/projects/tottori,プロジェクトが成立しました！,125%,627000,4月17日"
"『あなたの知らないスゥクレの世界』公演の開催！,/projects/sukure,プロジェクトが成立しました！,112%,168000,4月15日"
"幅広い世代が楽しめる参加型ジャズ音楽イベントを開催したい！,/projects/gakuseijazz-jazzline,プロジェクトが成立しました！,100%,201000,4月14日"
"被災地の3年間と、歩み出した人々の笑顔を一冊に！,/projects/enami_photobook01,プロジェクトが成立しました！,118%,1427500,4月11日"
"参加型ミュージカル「レインボー航海記」を東北三県で行います！,/projects/nijinijibowbowbowbow,プロジェクトが成立しました！,100%,251000,4月9日"
"医療ケアが必要な子どもたちを福祉バスで旅行に連れて行きたい,/projects/1182,プロジェクトが成立しました！,100%,402000,4月9日"
"ハワイ島ヒロから世界へ発信！日本とハワイのアート交流展開催,/projects/hawaiiart_exhibition,プロジェクトが成立しました！,105%,317000,4月8日"
"日本各地の暮らしを記録する雑誌「ジャパングラフ島根特集」出版,/projects/1024,プロジェクトが成立しました！,101%,2031000,4月6日"
"石巻復興支援『バレエが街にやってくる！』子供たちに芸術体験を！,/projects/ishinomaki-ballet,プロジェクトが成立しました！,104%,520000,4月3日"
"盲学校に絵を描くための補助道具「みつろう君」を贈ろう！,/projects/ichikawalionsclub2014,プロジェクトが成立しました！,114%,114000,4月2日"
"外で思いっきり遊ぼう！～福福こどもの笑顔プロジェクト14春～,/projects/fukufukuegao,プロジェクトが成立しました！,126%,504000,3月31日"
"南三陸町の魅力を伝えるパンフレットを作り沢山の人に届けたい！,/projects/sfm-pamphlet,プロジェクトが成立しました！,114%,342000,3月30日"
"石巻のカーシェアリングを応援しよう！第４弾(災害に備えて編),/projects/carsharing4,プロジェクトが成立しました！,206%,413000,3月30日"
"農業と地域活性化に貢献する、口にしても安心安全なクレヨンを！,/projects/vegetabo,プロジェクトが成立しました！,112%,564000,3月30日"
"気仙沼のこどもを『最高の未来を見せる』キャンプに招待したい！,/projects/codomocamp,プロジェクトが成立しました！,128%,150000,3月29日"
"被災地で助産師が育児支援を継続するための車を購入しよう！,/projects/tohokumama,プロジェクトが成立しました！,131%,2628000,3月28日"
"放課後の子ども×地域の大人　育ちあう場づくり「てらこやラボ」,/projects/terakoyalabo,プロジェクトが成立しました！,106%,533000,3月28日"
"フィリピンの地震で被災した村の家屋を地震に強い家に修復したい,/projects/lapulapu_tungod,プロジェクトが成立しました！,101%,1019000,3月27日"
"闘病生活の中で書き上げた思いの詰まったテキストを本にしたい！,/projects/hisaoka_book,プロジェクトが成立しました！,102%,1209000,3月26日"
"途上国に学ぶ、先進国に学ぶ。両国の未来のために。,/projects/youthforbangla-japan,プロジェクトが成立しました！,154%,462000,3月22日"
"シカゴ大学の学生がありのままの日本と出会ったら,/projects/harrisjtrip2014,プロジェクトが成立しました！,114%,286000,3月20日"
"子供達とガレキで写真立てを作り、東日本大震災を次世代に伝える,/projects/garekitphoto,プロジェクトが成立しました！,119%,359000,3月20日"
"医療の現場で空間アート『霧はれて光きたる春』を開催したい！,/projects/kiriharete_hikarikitaru_haru,プロジェクトが成立しました！,127%,2301000,3月20日"
"“放射線量の高い地域に暮らす母子”を過酷な環境から開放したい,/projects/chiitabi,プロジェクトが成立しました！,100%,301000,3月20日"
"アフリカ1周の旅を通して、人々の「語り」による歴史を学ぶ,/projects/susumuafrica,プロジェクトが成立しました！,129%,454000,3月19日"
"3/21（祝金）幕張アイリッシュフェスティバルを開催します！,/projects/makuhari,プロジェクトが成立しました！,100%,100500,3月18日"
"逆境でも強く生きる。沖縄にママ達の起業を支援する場を！,/projects/girls-square,プロジェクトが成立しました！,101%,3056000,3月18日"
"カンボジアの孤児院に衛生物品を届け、衛生環境の改善を目指したい！,/projects/nacef,プロジェクトが成立しました！,165%,165000,3月17日"
"農薬や肥料を使わずより安全な野菜を栽培出来るようになりたい！,/projects/siawase,プロジェクトが成立しました！,132%,2377000,3月16日"
"心の交流と助け合えるコミュニティハウスを地域住民と共に創る！,/projects/omoinowa,プロジェクトが成立しました！,109%,393000,3月16日"
"銚子の人々との出会いを楽しむ旅のガイドブック・『銚子人』を作りたい！,/projects/choshijin,プロジェクトが成立しました！,136%,1365000,3月15日"
"「6年生が作った映画を地域の映画館で上映したい！」,/projects/tokitsunagi,プロジェクトが成立しました！,112%,271000,3月15日"
"埼玉のヒトとヒトをつなぐフリーマガジン「かいわい」を作りたい,/projects/neardesign,プロジェクトが成立しました！,103%,310000,3月15日"
"国連「健康への権利」グローバーさん招聘を支援してください,/projects/hrn,プロジェクトが成立しました！,150%,300000,3月14日"
"親を亡くした子どもたちへ 心の支えとなるような童話を贈りたい,/projects/932,プロジェクトが成立しました！,108%,542000,3月11日"
"「ふれあいプレイランド」オリジナルの着ぐるみを作る,/projects/978,プロジェクトが成立しました！,100%,500000,3月10日"
"復興情報誌FORTUNE宮城vol.8を発行したい！,/projects/FORTUNE-MIYAGI,プロジェクトが成立しました！,109%,547000,3月10日"
"ボーイスカウトのバングラデシュ支援・プロジェクト,/projects/scouts_japan_bangladesh,プロジェクトが成立しました！,113%,226000,3月10日"
"北海道夕張市の子どもたちへもう一度本でいっぱいの図書館を届けたい！,/projects/yuubari-mintosho,プロジェクトが成立しました！,108%,1944000,3月8日"
"奈良で開催された芸術祭を映画にして残したい！,/projects/hanarart,プロジェクトが成立しました！,115%,576000,3月6日"
"沖縄の離島から15歳で旅立つ子ども達と語り愛！夢を創る！,/projects/gakuseiplus,プロジェクトが成立しました！,141%,496000,3月6日"
"夕張市に力を！ゆうばり映画祭に参加して地域振興に貢献したい。,/projects/1004,プロジェクトが成立しました！,102%,256000,3月6日"
"ハーバード大学の学生に“生の”日本を紹介したい！！！,/projects/japantrip2014,プロジェクトが成立しました！,130%,391000,3月4日"
"廃車になったブルートレインを岩手県岩泉に届けたい、一口車掌募集中！,/projects/BLUETRAIN,プロジェクトが成立しました！,103%,2065000,3月4日"
"東日本大震災で被災した海浜で植生の回復に取り組みたい！,/projects/satohama,プロジェクトが成立しました！,129%,388000,3月3日"
"視覚障がい者ランナーみっちゃんと伴走者をロンドンマラソンへ！,/projects/1103,プロジェクトが成立しました！,266%,1332000,3月2日"
"地域のおいしい物と出会う、島鉄ごちそうトレインを走らせたい！,/projects/1167,プロジェクトが成立しました！,103%,515000,3月2日"
"福島の子どもたちの現状を世界に伝える短編映像をつくりたい！,/projects/FukushimaKidsMovie,プロジェクトが成立しました！,141%,425000,3月2日"
"「ウェブコンサルタントになるには」セミナーを開催,/projects/web_naru001,プロジェクトが成立しました！,114%,1145000,2月28日"
"民間図書館らしい企画を生み続けた船橋北口図書館を助けて下さい！,/projects/fng-lib,プロジェクトが成立しました！,109%,1644000,2月28日"
"カナダに流れ着いた東日本大震災の漂着物を日本に持ち帰りたい!,/projects/ai-tsunagu-project,プロジェクトが成立しました！,108%,2161000,2月28日"
"障害のある人たちとパフォーミングアーツの制作･発表をしたい！,/projects/lifemap,プロジェクトが成立しました！,108%,1082000,2月27日"
"ハーバード社会起業大会スタディプログラムに行く若者に投資を！,/projects/WORLDSTUDY,プロジェクトが成立しました！,108%,541000,2月26日"
"石巻牡鹿半島福貴浦の殻付牡蠣を販売するかき小屋を作ります,/projects/907,プロジェクトが成立しました！,109%,1314000,2月26日"
"高校生の希望ある未来の実現「気仙沼みらい創造カレッジ」,/projects/kmcproject,プロジェクトが成立しました！,112%,788000,2月25日"
"日本で一番自慢したくなる『安芸の宮島』の魅力紹介サイトを作る,/projects/Are_Bra,プロジェクトが成立しました！,100%,400000,2月24日"
"石巻の子供達に、働き続けるためのIT技術を学ぶ場を作りたい,/projects/itnav_1107,プロジェクトが成立しました！,126%,3796000,2月23日"
"移動式遊具をつくって石巻のまちの中に子どもの居場所をつくろう,/projects/ishinomaki_20,プロジェクトが成立しました！,102%,3076000,2月23日"
"被災地の高校生の歌声をNYから世界へ！復興への感謝を届ける,/projects/handinhand,プロジェクトが成立しました！,109%,1099000,2月23日"
"音楽劇を通して「命の大切さ」「動物のきもち」を子供達の心に響かせる♪,/projects/myu-maru,プロジェクトが成立しました！,111%,333000,2月22日"
"日本映画界が世界に誇る小津作品を未来に残す。,/projects/ozu_remastering,プロジェクトが成立しました！,121%,6051000,2月20日"
"空から眺める世界遺産「三保の松原」 地元の魅力を伝えたい！,/projects/mihonomatsubara-kikyu,プロジェクトが成立しました！,106%,320000,2月20日"
"バングラデシュと日本の子ども達の、心と心を繋ぐ交流プロジェクト！,/projects/sister_school_project,プロジェクトが成立しました！,103%,671000,2月18日"
"東京三鷹地域に住む外国籍生徒のための進学基金をつくりたい,/projects/shingakukikin,プロジェクトが成立しました！,156%,625000,2月17日"
"新規就農者が新規就農者を育てる！農業の担い手育成プロジェクト,/projects/oshitani-farm,プロジェクトが成立しました！,120%,241000,2月15日"
"震災から3年目の春。『先祖になる』を仙台で見て考える一日に！,/projects/416jishujohei,プロジェクトが成立しました！,100%,599000,2月15日"
"バングラデシュに農業革命を！最高の教育を農家たちにも届けよう,/projects/e-Farming,プロジェクトが成立しました！,126%,1263000,2月15日"
"東北３県で高校生が小学生とえほんワークショップを開催します！,/projects/booklike,プロジェクトが成立しました！,222%,222000,2月14日"
"京都発のジャズと仏教音楽である声明のコラボレーション公演をパリに届けたい！,/projects/jiailove,プロジェクトが成立しました！,114%,1031000,2月13日"
"不登校や過疎地の子ども達へ、格差のない学びを届けたい！！,/projects/eboard,プロジェクトが成立しました！,152%,1520000,2月11日"
"未来をつくる若者を生み出す!日本を創り継ぐプロジェクト開催,/projects/tsukutsugu4th,プロジェクトが成立しました！,105%,631000,2月10日"
"自然エネルギーを日本から！いとしま電力研究所設立をご支援下さい！,/projects/startup-itoden,プロジェクトが成立しました！,108%,2178000,2月10日"
"地雷の国カンボジアを薬草の国へ！ 小学校に薬草園を作って村を救いたい！,/projects/medicinal-plants_cambodia,プロジェクトが成立しました！,144%,770000,2月8日"
"母になった「伝説のスピーチ」のセヴァンさん来日ツアーを開催！,/projects/sev2014,プロジェクトが成立しました！,109%,1090000,2月7日"
"「ありがとうファーム」に笑顔が集まる研修所をつくりたい♪,/projects/783,プロジェクトが成立しました！,103%,310000,2月7日"
"山形庄内で東北初「東電テレビ会議４９時間の記録」を上映します,/projects/toden49shonai,プロジェクトが成立しました！,105%,295000,2月7日"
"超高齢化する「これから」を、多世代で話す場をつくりたい！,/projects/donnerlemot,プロジェクトが成立しました！,115%,462000,1月31日"
"女の子だけが発症する難病「レット症候群」を知ってもらう本3000部を出版したい！,/projects/rett,プロジェクトが成立しました！,105%,2324000,1月29日"
"復興チャリティに参加できるかいじゅうART展を開催したい！,/projects/MONSTERExhibition,プロジェクトが成立しました！,114%,1147000,1月28日"
"ボカジャズCDを制作して、多くの人にジャズを楽しんでほしい！,/projects/lowlandjazz,プロジェクトが成立しました！,119%,839000,1月28日"
"復興を応援！三陸牡蠣ノボリ1000本を全国のお店に立てたい,/projects/sanrikukaki,プロジェクトが成立しました！,109%,988000,1月26日"
"お母さんの夢をのせた「ハッピーアイストラック」を走らせたい！,/projects/happyice,プロジェクトが成立しました！,146%,1175000,1月25日"
"生の舞台『ふわふわともこもこ』を多くの子どもたちに観せたい！,/projects/fuwamoko,プロジェクトが成立しました！,115%,185000,1月23日"
"島根県隠岐島の海士町中央図書館にみんなで本を贈ろう！,/projects/ama-library,プロジェクトが成立しました！,124%,1245000,1月23日"
"子どもたちに夢を！おしごと体験フェスティバルを開催したい！,/projects/kidsjobfes,プロジェクトが成立しました！,101%,304000,1月21日"
"今までにない「避難生活」をテーマに被災地から学ぶ場を作りたい,/projects/_ccj,プロジェクトが成立しました！,128%,3083000,1月20日"
"【ラストスパート】塾に通えない中3生を志望校に合格させたい！,/projects/tadazemi,プロジェクトが成立しました！,110%,166000,1月19日"
"働きたい精神障がい者が多くの人や企業と交流できるサイトを作る,/projects/npolog,プロジェクトが成立しました！,110%,1101000,1月17日"
"安全な水のないエチオピアの村に住む人々へ給水設備を届けたい！,/projects/wateraid,プロジェクトが成立しました！,102%,612000,1月17日"
"デモクラシー･ナウ!を 日本から生放送させよう,/projects/WelcomeAmy,プロジェクトが成立しました！,146%,439000,1月15日"
"保護された猫が新しい家族と出会えるカフェを作りたい！,/projects/happynekochan,プロジェクトが成立しました！,111%,3339000,1月14日"
"戦後６８年。今しか聞けない戦争体験者のメッセージ記録,/projects/bridgeforpeace_report,プロジェクトが成立しました！,117%,294000,1月13日"
"福島県浪江町で愛されてきた、大堀相馬焼を使った復興支援イベントを開催したい！,/projects/soma-yaki2014,プロジェクトが成立しました！,105%,1372000,1月13日"
"石巻のカーシェアリングを応援しよう！第3弾（網地島編）,/projects/carsharing3,プロジェクトが成立しました！,100%,150000,1月12日"
"子ども・保護者・スタッフの10年が詰まった本を出版したい！,/projects/kodomonomori,プロジェクトが成立しました！,165%,660000,1月8日"
"『生きる力』をはぐくむ学校・園を取材し、多くの人に伝えたい！,/projects/ikihug,プロジェクトが成立しました！,117%,1756000,1月7日"
"伝記漫画本を出版！郷土の偉人伝シリーズ１【中甚兵衛物語】,/projects/NAKA_JIMBEI,プロジェクトが成立しました！,108%,1730000,1月6日"
"被災地東北の就職をハナマルに！東北地方の学生・若者の就職支援,/projects/hanamaru,プロジェクトが成立しました！,103%,310000,1月5日"
"僕の夢への大きな一歩、米国ファンドレイジング大会へ参加したい,/projects/yumehenoippo,プロジェクトが成立しました！,123%,308000,12月30日"
"理由があって音楽を続けられない子どもたちに、音楽教育を提供する！,/projects/socialmusic,プロジェクトが成立しました！,104%,344000,12月28日"
"本州を走って横断して道中記を作る!,/projects/honshu-odan,プロジェクトが成立しました！,128%,386000,12月26日"
"子供達を支援する寄付サイト「九州発！TABEKIFU」発足！,/projects/766,プロジェクトが成立しました！,103%,830000,12月23日"
"対話の場から、自分らしく生きるオトナのセナカを増やしたい！,/projects/otonanosenaka,プロジェクトが成立しました！,134%,2148000,12月23日"
"夢と笑顔で世界を繋げる∼リエンポン村に小学校を建てよう∼,/projects/SharetheWind,プロジェクトが成立しました！,100%,600000,12月22日"
"東京で諫早湾演劇「有明をわたる翼」を上演したい!,/projects/Hediste_japonica,プロジェクトが成立しました！,139%,417000,12月21日"
"視覚障がい者と健常者が一緒に楽しめる映画祭をつくりたい！！,/projects/meijibarrierfree,プロジェクトが成立しました！,116%,175000,12月21日"
"カナダ北極圏の単独徒歩を通じて夢が実現することを伝えたい！,/projects/Co-Dreamer,プロジェクトが成立しました！,113%,2828000,12月20日"
"復興途上の三宅島を伝える番組を皆で作ろう！一口スポンサー募集中！,/projects/j-wave_miyakejima,プロジェクトが成立しました！,105%,1262000,12月19日"
"【ソーシャルビジネスラボ】都心にワンコインで利用できる社会活動のスペースを創る！,/projects/social_business_lab,プロジェクトが成立しました！,129%,452000,12月17日"
"患者を代表して治験に参加する仲間を助けたい！,/projects/padm,プロジェクトが成立しました！,112%,564000,12月17日"
"社会とLGBTの架け橋となったスターを讃えるアワードを開催！,/projects/TSSA2013,プロジェクトが成立しました！,104%,1044000,12月16日"
"タイの孤児院にクリスマスプレゼントを贈りたい！,/projects/974,プロジェクトが成立しました！,111%,111000,12月16日"
"父親を失ったスリランカの家族が、安心して帰る家を守りたい！,/projects/srilanka-family,プロジェクトが成立しました！,100%,200000,12月15日"
"日本全国に住む転勤族向け小冊子を制作・販売するプロジェクト,/projects/tenkin-books,プロジェクトが成立しました！,107%,107000,12月11日"
"国登録有形文化財「八鶴亭（旧八鶴館）」を後世に残したい！,/projects/hakkakutei,プロジェクトが成立しました！,125%,500000,12月11日"
"第5回ニコニコ学会βで野生の研究者をもっと支援したい！,/projects/niconicogakkai5,プロジェクトが成立しました！,132%,930700,12月11日"
"フィリピンの孤児たちが音楽隊結成！専門家を日本から派遣して応援,/projects/houseofjoy,プロジェクトが成立しました！,138%,552000,12月9日"
"福島の高校生自身が企画！福島・中国友好交流企画「あいでみ」,/projects/fukushimaniaidemi,プロジェクトが成立しました！,115%,579000,12月9日"
"全国47都道県立図書館に市民が撮った3.11記録集を届けます,/projects/311archive,プロジェクトが成立しました！,106%,1470000,12月9日"
"ケニアのスラムに図書館を建設！本を通して広い世界を知ってほしい,/projects/kenya-library,プロジェクトが成立しました！,116%,408000,12月9日"
"地元高校生が気仙沼を恋人の町に！,/projects/sokoageyouth,プロジェクトが成立しました！,118%,236000,12月7日"
"被災地東北三県の保育園児1000人にクリスマスプレゼントを贈りたい！,/projects/kizunakurisumasu,プロジェクトが成立しました！,108%,540000,12月7日"
"ラテンアメリカをテーマに起業した人を取材した単行本を制作！,/projects/chuunanbei,プロジェクトが成立しました！,110%,220000,12月3日"
"病気に苦しむ捨て犬たちに必要な治療を受けさせてあげたい！,/projects/peace-winds,プロジェクトが成立しました！,137%,548000,12月2日"
"親子の心がほっこりする自作曲のCDを作りたい！,/projects/hinatabocco,プロジェクトが成立しました！,124%,373000,12月1日"
"3.11をテーマにダンスを上演し山形を考えるきっかけにしたい,/projects/fukushima-itamu-mono-no-koe,プロジェクトが成立しました！,108%,543000,12月1日"
"光を失った気仙沼湾に未来への希望溢れるイルミネーションを！,/projects/oneline2013,プロジェクトが成立しました！,117%,1170000,12月1日"
"【第２弾】スリランカの孤児、貧困女性の自立支援「染め工房」,/projects/some_kobo,プロジェクトが成立しました！,102%,511000,11月30日"
"40代のオヤジ達がラフティングで世界選手権に挑戦します！,/projects/Rapidmasters,プロジェクトが成立しました！,106%,637000,11月28日"
"被災地を含め子どもたちが『夢を叶える4つの方法』を学べる夢授業を！,/projects/dreamletter,プロジェクトが成立しました！,104%,1257000,11月21日"
"ファッションショーを通して女性に対する暴力の問題を訴えます!,/projects/ajwrcyouth,プロジェクトが成立しました！,105%,528000,11月14日"
"群馬県の松井田商店街に地域生活をサポートするカフェを作る！,/projects/annaka-hidamari,プロジェクトが成立しました！,117%,351000,11月13日"
"バングラデシュの子どもたちを、村ですくすく育てよう！プロジェクト,/projects/BANGLA,プロジェクトが成立しました！,101%,457000,11月12日"
"福島の子どもたちに自然体験を！手のひらに太陽の家プロジェクト,/projects/tenohirani_taiyou,プロジェクトが成立しました！,110%,880000,11月8日"
"福島に熱い想いを持った男達30人によるエンターテイメント公演開催！,/projects/lomeo,プロジェクトが成立しました！,107%,2144000,11月8日"
"差別や暴力と闘っている女性の生の声を、日本の皆さんに伝えます！,/projects/discrimination-of-women,プロジェクトが成立しました！,124%,372000,11月7日"
"宮城県女川町高白浜でゆめハウスを復活させたい！,/projects/takashirohamayumehouse,プロジェクトが成立しました！,112%,1975000,11月6日"
"【第2弾】歌舞伎や映画、大切な日本の文化を次世代に残す。,/projects/ootanitoshokan2,プロジェクトが成立しました！,116%,2910000,11月6日"
"三陸の素敵な人に会いに行く旅のガイドブック「三陸人」を出版！,/projects/sanrikujin,プロジェクトが成立しました！,104%,2093000,11月5日"
"12月7日「いつかかるか？排泄の悩みごと」市民公開講座を札幌で開催,/projects/816siminkokaikoza,プロジェクトが成立しました！,100%,500000,11月5日"
"おじいちゃんおばあちゃんをあの日の思い出の場所へ連れて行きたい！,/projects/dokodemo,プロジェクトが成立しました！,100%,502000,11月3日"
"被災地の子供達と金子みすゞのうた＆被災地支援ソングをCDに！,/projects/mori_isamu,プロジェクトが成立しました！,106%,1069000,11月1日"
"沖縄の大自然に「森のおもちゃ美術館」を皆で作ろう！一口館長募集中!!,/projects/okinawa_toy_museum,プロジェクトが成立しました！,131%,7862000,10月28日"
"ジャズ唱歌ボランティアコンサートを被災地の施設の方々へ,/projects/jazzballade,プロジェクトが成立しました！,100%,150000,10月27日"
"書籍『百年の愚行』の続編を出版します！,/projects/idiocy,プロジェクトが成立しました！,126%,3802000,10月27日"
"奈良県の小学生によるご当地弁当商品化プロジェクト!,/projects/obento-project,プロジェクトが成立しました！,106%,320000,10月26日"
"ドキュメンタリー映画『TOUR DE TSUMARI（仮）』の制作をしたい！,/projects/tsumari,プロジェクトが成立しました！,108%,544000,10月25日"
"日本の高校生を応援するオーストラリアの旅の支援をして下さい！,/projects/makotoauss,プロジェクトが成立しました！,129%,369000,10月24日"
"ゴットマン博士を呼んで夫婦・カップル向け講演会を開催しよう,/projects/gottman1103,プロジェクトが成立しました！,103%,1039000,10月24日"
"ネパールの子どもたちを笑顔に！差別と障害で苦しむ患者さんのために医療チームを派遣！,/projects/CLPP2013,プロジェクトが成立しました！,104%,1462000,10月22日"
"国際共同制作 現代演劇 shelf  「nora(s)」,/projects/shelf_volume16_noras,プロジェクトが成立しました！,101%,235000,10月21日"
"被災した宮城県亘理町の沿岸部で熱気球フェスティバルを開催！,/projects/nethukikyu,プロジェクトが成立しました！,107%,1339000,10月18日"
"ダンス・音楽・エンターテイメントの力で福祉を盛り上げよう！,/projects/socialworkeeerz,プロジェクトが成立しました！,114%,344000,10月17日"
"アレルギー経験を活かそう！アレルギー対応の手作り化粧品ワークショップ開催します！,/projects/pearl,プロジェクトが成立しました！,102%,153000,10月17日"
"東ティモールの子どもためにiPadを購入し自由に学ぶ機会を,/projects/futures,プロジェクトが成立しました！,100%,473400,10月11日"
"ふくしまの子どもたちに、「影絵」で希望の光を届けたい！,/projects/fukushima,プロジェクトが成立しました！,119%,835000,10月10日"
"マスメディアの終焉と報道～ジャーナリズムフェスタ２０１３,/projects/JournalismFesta2013,プロジェクトが成立しました！,103%,103000,10月9日"
"Library of the Year 2013を開催したい！,/projects/loy2013,プロジェクトが成立しました！,127%,255000,10月9日"
"ベトナムフエ省沿岸部40世帯200人に安全な水を提供する！,/projects/bridge_asia_japan_vn,プロジェクトが成立しました！,119%,357000,10月8日"
"日比野克彦がラオスの小学生と絵を描く　ポントゥン村美術部2013,/projects/phontoum,プロジェクトが成立しました！,113%,566000,10月6日"
"「防災☆ママブック」被災地のママが教える、震災から我が子を守る術を紹介！,/projects/standformothers,プロジェクトが成立しました！,119%,1495000,10月4日"
"三陸の未来を担う子どもたちのために、120年続く地域文化と産業を残したい！,/projects/apple,プロジェクトが成立しました！,121%,606000,9月28日"
"海人写真家・古谷千佳子が、今度は日本各地の海女さんを撮影！,/projects/satoumi-ama,プロジェクトが成立しました！,125%,1105000,9月20日"
"釜石の遊び場を失った子ども達に手造り公園で思いっきり遊んでもらいたい！,/projects/cosmos,プロジェクトが成立しました！,119%,2396000,9月19日"
"カンボジアの読み書きできない女性が紡ぐシルクの物語を全国に届けよう！,/projects/MekongBlue,プロジェクトが成立しました！,109%,2197000,9月18日"
"気仙沼の高校生が考案！地元食材を活かした新商品「なまり節ラー油」を全国に届けたい,/projects/iclub_kesennuma,プロジェクトが成立しました！,121%,1695000,9月18日"
"石巻を日本で一番住みたいまちにするためのフューチャーセンターを作りたい！,/projects/minamiminami,プロジェクトが成立しました！,121%,2422000,9月17日"
"生きるチャンスを！アジアの子どもたちに、医療の進んだ日本で治療の機会を！,/projects/Pay-forwardClub,プロジェクトが成立しました！,102%,1025000,9月16日"
"日本全国の学校に宇宙図2013を！一校に１枚宇宙図プロジェクト,/projects/uchuuzu,プロジェクトが成立しました！,117%,1647000,9月15日"
"南相馬と杉並区の子どもたちで本物のミュージカルを作ろう！,/projects/37nouta,プロジェクトが成立しました！,108%,1085000,9月14日"
"バングラデシュの患者を救え！最高の授業をナースの卵に届けよう,/projects/nurseducation,プロジェクトが成立しました！,125%,1002000,9月14日"
"富山市まちなかで八百屋をするプロジェクト,/projects/machinaka-yaoya,プロジェクトが成立しました！,102%,153000,9月13日"
"障がいのある子が放課後デイサービスに通う為の送迎車を購入したい！,/projects/picot,プロジェクトが成立しました！,111%,1682000,9月11日"
"仙台で老若男女が集まり、音楽とアートに囲まれて東北の未来を語り合う寺フェスがしたい！,/projects/929terafes,プロジェクトが成立しました！,113%,452000,9月11日"
"陸前高田発のアニメを絵本化！「ありがとうをチカラに」出版プロジェクト！,/projects/rikuzentakata,プロジェクトが成立しました！,109%,549000,9月10日"
"縁がわアートin南三陸でスサイタカコ企画を実現しよう,/projects/Engawart,プロジェクトが成立しました！,111%,334000,9月9日"
"子どもたちを晴れ舞台に！フィリピン・セブで音楽祭を開きたい,/projects/cebfes,プロジェクトが成立しました！,116%,140000,9月8日"
"被災地の中高校生の声を世界へ！ユースラジオ in　石巻・南三陸,/projects/UKJPYouthRadio,プロジェクトが成立しました！,100%,200000,9月7日"
"舞台から伝える～ミャンマーの障がい者の想い～,/projects/stage-afda-in-myanmer,プロジェクトが成立しました！,113%,341000,9月7日"
"コンゴで持続可能なWSを展開！学生11名を現地へ派遣します。,/projects/acadexproject,プロジェクトが成立しました！,102%,1024000,9月6日"
"元、ガングロギャル。今、アフリカでボランティア奮闘中。そんなプラ子ちゃんを応援！,/projects/purako,プロジェクトが成立しました！,178%,1425000,9月4日"
"「先輩！私を東北に連れてって」　47都道府県から学生が集結！,/projects/kikkakebus,プロジェクトが成立しました！,107%,5030000,9月2日"
"東日本大震災により失われた【陸前高田うごく七夕まつり】森前組の山車を復活させる！,/projects/morimae,プロジェクトが成立しました！,100%,503000,9月1日"
"がん征圧チャリティ　「リレー・フォー・ライフ・ジャパン東京上野」を成功させたい！,/projects/rfltokyoueno,プロジェクトが成立しました！,102%,1020000,9月1日"
"図書館の無いネパールのポカラに、子どもたちのための 図書館をつくろう！！,/projects/tsubomigakko,プロジェクトが成立しました！,102%,307000,9月1日"
"世界遺産二条城　修復応援プロジェクト〜煌めく唐門（からもん）の完成へ！〜,/projects/nijojo,プロジェクトが成立しました！,108%,217000,8月31日"
"ソロモンの熱帯雨林を守る養蜂を応援！4箱の巣箱を100箱に！,/projects/solomon_honey,プロジェクトが成立しました！,121%,365000,8月31日"
"福島の子供達の思い出作り。第２回「福島シネマプロジェクト」開催！！,/projects/f-c-p,プロジェクトが成立しました！,107%,2145000,8月30日"
"東日本大震災で被災した小学校の子どもたちに、本物の演劇を！,/projects/project-yui-0509,プロジェクトが成立しました！,124%,744000,8月30日"
"不登校・高校中退の救済！迅速に教育相談ができる環境をつくりたい！,/projects/KOSOTSU,プロジェクトが成立しました！,100%,301000,8月30日"
"未来を創るリーダー育成ワークショップAoSIに参加者を送ろう,/projects/AoSI2013,プロジェクトが成立しました！,109%,2180000,8月29日"
"滋賀の大学生が南三陸町の小さな漁村「田の浦」を支援する震災復興支援プロジェクト,/projects/tanourateam,プロジェクトが成立しました！,100%,501000,8月25日"
"〜絆ぐるぐるPJ第２弾〜 イラク戦争を生き抜いた少女達が来日コンサート！,/projects/guruguru2,プロジェクトが成立しました！,112%,336000,8月24日"
"世界初！小さな図書館のためのサミットを開催します！！,/projects/microlibrary,プロジェクトが成立しました！,130%,652000,8月24日"
"サッカー選手を目指す福島の子どもたちを日本代表戦へ招待したい,/projects/754,プロジェクトが成立しました！,123%,246000,8月24日"
"岩手・宮城・福島 に、夢 と 笑顔 を届けるマジックツアープロジェクト,/projects/magic,プロジェクトが成立しました！,104%,676000,8月22日"
"福島の子どもたちの笑顔のために～保養「ぽかぽかプロジェクト」,/projects/FoEfukushima,プロジェクトが成立しました！,126%,761000,8月21日"
"アフリカのエリトリアのサイクリストを自転車で四国を一周するイベントに呼びたい,/projects/eritrea,プロジェクトが成立しました！,142%,427000,8月21日"
"ガーナ120人の子どもに学用品を届け、家族100世帯に農業トレーニングを行う！,/projects/cacaochild,プロジェクトが成立しました！,106%,2128000,8月21日"
"東日本大震災で被災した小学生と合同キャンプ！,/projects/LCA_Tohoku_Camp,プロジェクトが成立しました！,112%,449000,8月20日"
"被災した南三陸町長須賀ビーチを復活させ、子供達に裸足で思いっきり遊んでもらいたい！,/projects/TSUNAGARI,プロジェクトが成立しました！,127%,1275000,8月20日"
"誰もが働ける社会へ！あなたの社長に「在宅勤務」の必要性を伝えたい!,/projects/telework,プロジェクトが成立しました！,167%,1677000,8月19日"
"若者が目の前の問題に全力で取り組む合宿。第3回日本を創り継ぐプロジェクト、関西初開催！！,/projects/tsukutsugu_3rd,プロジェクトが成立しました！,101%,1015000,8月19日"
"介助犬育成のためのDog Runを拡張するプロジェクト,/projects/s-dog,プロジェクトが成立しました！,122%,1221000,8月15日"
"福島と台湾の子どもたちの合同キャンプを開催〜アカデミーキャンプ＠台湾2013〜,/projects/ac_taiwan2013,プロジェクトが成立しました！,126%,1266000,8月15日"
"母子父子家庭や被災した子供たちに夏休みの思い出をプレゼント！,/projects/sansonryuugaku2013,プロジェクトが成立しました！,102%,306000,8月15日"
"脱原発にシフトしたドイツへ福島の高校生を派遣します！,/projects/earthwalkers,プロジェクトが成立しました！,105%,630000,8月14日"
"沖縄の伝統芸能エイサーを宮城県石巻の石巻川開き祭りに呼ぼう！,/projects/EISA-ISHINOMAKI,プロジェクトが成立しました！,113%,339000,8月13日"
"「就活自殺」増加の背景に迫る「就職活動に関わる意識調査」,/projects/shukatsu2013,プロジェクトが成立しました！,133%,666000,8月11日"
"ひたちなか海浜鉄道を彩る学生主体アートイベント、みなとメディアミュージアム,/projects/mmm2013,プロジェクトが成立しました！,139%,278000,8月8日"
"安心して子どもを産みたい！出産施設をちゃんと探せるサイト【ぱぱままっぷ】,/projects/papamamap,プロジェクトが成立しました！,107%,1074000,8月5日"
"バリ島でのアート交流イベントに仙台の3名の小学生を派遣したい！,/projects/worldkidsmuseum,プロジェクトが成立しました！,100%,1141000,8月4日"
"【第２弾】僕らの夏休みProject～とびきりの夏休みをプレゼント～,/projects/bokunatsu2013,プロジェクトが成立しました！,116%,700000,8月4日"
"東日本大震災で失った大切な命へ、南相馬で鎮魂と慰霊の花火をあげたい,/projects/hamadan811,プロジェクトが成立しました！,158%,2370000,8月4日"
"フィリピンにナチュラルフードカフェを　～農民・子供たちの生活向上大作戦！～,/projects/ikawako,プロジェクトが成立しました！,115%,346000,8月3日"
"親子でいろんな体験が出来る「期間限定asobi基地カフェ」がOPEN！,/projects/asobikichi2,プロジェクトが成立しました！,122%,1223000,8月3日"
"関東と福島の学生が共に学ぶ6日間のスタディキャンプを開催！,/projects/clcfukushima,プロジェクトが成立しました！,101%,305000,8月3日"
"石巻の高校生が東京で気球に乗る　大空から実況中継でお伝えします！,/projects/kuji-sta,プロジェクトが成立しました！,111%,222000,8月1日"
"LGBTの子どもたちを応援する100人分のメッセージを撮影しwebで公開したい！,/projects/heart-school,プロジェクトが成立しました！,111%,894000,7月31日"
"陸前高田市の広田半島の漁師町の仮設住宅団地に【伝統木構造の談話室】を贈る,/projects/kesen_shienpj_danwa,プロジェクトが成立しました！,157%,1573000,7月29日"
"熱帯雨林の恵みで村おこし　ヤシ砂糖を使った生姜湯を作ろう！,/projects/jeefgulahe,プロジェクトが成立しました！,108%,1305000,7月29日"
"気仙沼に桜を！人々の心を癒す桜を植える『手あわせ桜プロジェクト気仙沼』,/projects/teawase_sakura,プロジェクトが成立しました！,158%,475000,7月28日"
"アフリカのフェアトレード生地で仙台のお母さんたちが心を込めた着物帯「伊達衆帯」をつくる！,/projects/yumyum8888,プロジェクトが成立しました！,113%,681000,7月28日"
"福島の子供達を自然豊かなシドニーでの保養ステイに招待したい！,/projects/sydneyrainbowstay,プロジェクトが成立しました！,112%,564000,7月25日"
"セブ島の物売りをしている13人の子ども達に毎日の給食と学びの場を！,/projects/EMS_StoNino,プロジェクトが成立しました！,102%,308000,7月25日"
"家事の分担が家族を笑顔にするのか？471人の声を本にしたい！〜家事シェア白書〜,/projects/KAJI,プロジェクトが成立しました！,129%,220000,7月24日"
"南相馬の子ども達をアートレジデンスに招待!　～子供たちの心をアートで繋ごう～,/projects/childartresidence,プロジェクトが成立しました！,104%,261000,7月21日"
"福島の子どもたち35人をさくらんぼ狩りツアーに連れて行きます！,/projects/FUKUSHIMA_sakurambotour,プロジェクトが成立しました！,138%,138000,7月20日"
"「第1回おおつちありがとうロックフェスティバル」おおつちからありがとうを再び！,/projects/arifes,プロジェクトが成立しました！,133%,2007000,7月17日"
"ニッティングマシーン・ハックとグリッチニット＠FabLab渋谷,/projects/nukeme_fablabshibuya_fakko,プロジェクトが成立しました！,174%,524000,7月16日"
"震災の学びを5000年先に伝承する語り部育成のために！「大船渡津波伝承館」,/projects/oft-tsunami-museum,プロジェクトが成立しました！,122%,1591000,7月16日"
"南相馬市高見公園にじゃぶじゃぶ池をつくろう!!　byみんな共和国,/projects/jabujabu-ike,プロジェクトが成立しました！,205%,6165000,7月11日"
"学校に行けない子どもたちへ、学び場の贈り物を！,/projects/On_The_Road,プロジェクトが成立しました！,136%,2049000,7月9日"
"気仙沼の高校生にエールを！！　 『明日を拓く道：〇〇(まるまる) の一歩 』 サンティアゴ巡礼路を歩く旅,/projects/asuhira_2013,プロジェクトが成立しました！,125%,377000,7月7日"
"【第4弾】ホロコーストの声なき声よ　ヨーロッパ最貧ロマ版ドラゴン桜,/projects/roma_doragon,プロジェクトが成立しました！,120%,1207000,7月7日"
"石巻市での実話を基にした絵本「町をまもった龍木」を出版しよう！,/projects/omodoc,プロジェクトが成立しました！,115%,1229000,7月6日"
"元ホームレスの人たちが「仲間のためのパン屋さん」になる！～池袋あさやけベーカリー～,/projects/asayake,プロジェクトが成立しました！,118%,950000,7月5日"
"被災地の子どもたちのためならなんでもできる,/projects/deportaredays,プロジェクトが成立しました！,105%,316000,7月5日"
"新デザイン「GO ARK」で「囲碁」のイメージを一新,/projects/goark,プロジェクトが成立しました！,455%,910800,7月3日"
"チャンバラ合戦「IKUSA」で創る新しい地域活性化のカタチ！,/projects/IKUSA-01,プロジェクトが成立しました！,156%,470000,7月2日"
"生きるために本を読む機会を！みんなでカンボジアの小学校に図書室を作ろう,/projects/cambodia-library,プロジェクトが成立しました！,113%,906000,6月30日"
"【閖上湊神社PJ　第２弾】閖上日和山のお社再建に支援をお願いします,/projects/yuriage2,プロジェクトが成立しました！,125%,629000,6月27日"
"ご当地キャラ・カードゲーム,/projects/okumono,プロジェクトが成立しました！,103%,103000,6月26日"
"【妊娠学～産み時～】卵子老化についての正しい知識を広めたい,/projects/ransinoroukaumi,プロジェクトが成立しました！,100%,503000,6月25日"
"不妊ドキュメンタリー映画「幸せのカタチ」を全国で上映したい！語りあいたい！,/projects/npofine,プロジェクトが成立しました！,108%,326000,6月24日"
"アルティメット•フリスビーでコンゴに平和を！第1回全国大会開催決定！,/projects/congo-ultimate,プロジェクトが成立しました！,155%,1554000,6月17日"
"ドキュメンタリー映画「最後の吉原芸者みな子姐さん」を上映したい,/projects/geisha,プロジェクトが成立しました！,254%,637000,6月10日"
"皆で建造する『海人丸二号』〜あなたの想いと夢を乗せて大航海の旅に出る〜,/projects/uminchumaru,プロジェクトが成立しました！,117%,2400000,6月8日"
"「ヤギさんプロジェクト」ヤギを飼ってネパールの子ども達へ教材支援,/projects/nepal-yagi,プロジェクトが成立しました！,118%,355000,6月6日"
"日本酒味わいことば事典をつくる,/projects/sake-dic,プロジェクトが成立しました！,203%,203000,6月5日"
"LGBTの人権保護活動で頑張るボリスを応援！みんなが自分らしくいられる世界に。,/projects/LGBT_Boris,プロジェクトが成立しました！,103%,518000,6月3日"
"「夏休みふれあいツアーin夕張」開催！〜福島県を中心とする5組のご家族を夕張へ〜,/projects/yubari-yumesaiseikan_in-summer,プロジェクトが成立しました！,113%,1139000,6月3日"
"震災の記憶を風化させないために。震災写真集を図書館に寄贈したい。,/projects/mightysilence,プロジェクトが成立しました！,103%,207000,6月1日"
"バングラデシュ・少数民族の子どもたちの教育支援プロジェクト！,/projects/cheremeie,プロジェクトが成立しました！,109%,547000,5月21日"
"取り壊し目前！？阿佐ヶ谷住宅を写真集に遺したい。,/projects/asagaya,プロジェクトが成立しました！,183%,455680,5月20日"
"東北ブランドの気仙椿ハンドクリームで、被災地から世界につながる産業をつくる！,/projects/KesenTsubakiDream,プロジェクトが成立しました！,108%,2167000,5月19日"
"視覚障がいの方と過ごすお茶の時間　〜闇闇茶会（あんあんちゃかい）〜,/projects/anan-chakai,プロジェクトが成立しました！,102%,102000,5月18日"
"「気仙沼 Dog Place」被災地で頑張るペット達に交流の場を！,/projects/KESENNUMA_dog-place,プロジェクトが成立しました！,106%,765000,5月17日"
"京都から、100人のユースリーダーのプロジェクトが未来をつくる！「ミラツク京都」,/projects/miratuku,プロジェクトが成立しました！,116%,2325000,5月11日"
"理想のハローワークをつくりたい！仕事ライブラリー「ハローライフ」,/projects/hellolife,プロジェクトが成立しました！,116%,1166000,5月11日"
"若年無業者白書-その実態と社会経済構造分析-,/projects/underserved-youth,プロジェクトが成立しました！,256%,898000,5月11日"
"石巻に緊急支援として集まった服をシリア難民に届ける  ～絆ぐるぐるプロジェクト～,/projects/guruguru,プロジェクトが成立しました！,142%,428000,5月9日"
"映画を通し、植物状態になった人とのコミュニケーション方法を広めたい！,/projects/shirayukihime,プロジェクトが成立しました！,146%,1758000,5月7日"
"東ティモールの貧困層のために【格安運送サービス】をつくります！,/projects/tranSMS,プロジェクトが成立しました！,113%,1133000,5月3日"
"消滅寸前のカリンガ族の伝統音楽。長老から子供へ伝える機会を作り、記録保存したい,/projects/edaya,プロジェクトが成立しました！,112%,1349000,5月2日"
"ウガンダ野球少年ワフラ君、プロ野球選手になる夢の実現を！,/projects/Uganda_Wafula,プロジェクトが成立しました！,107%,696000,5月1日"
"NASA主催アプリ開発イベント「スペースアップスチャレンジ」,/projects/SpaceApps2013,プロジェクトが成立しました！,176%,441000,5月1日"
"映画で復興応援をしたい！４月２９日は大船渡へいこう！,/projects/SWITCH,プロジェクトが成立しました！,101%,152000,4月29日"
"日常をシェアする地域リビングで、笑顔溢れるまちへ「地域リビング プラスワン」,/projects/DreamTown,プロジェクトが成立しました！,106%,1064000,4月26日"
"「夕張市の天然芝グラウンドに新しいサッカーゴールを!」,/projects/soccer-goal,プロジェクトが成立しました！,186%,1489000,4月18日"
"「むしむし生放送〜昆虫大学サテライト」登壇博士たちの旅費とかを集めます！,/projects/mushimushi,プロジェクトが成立しました！,195%,780000,4月16日"
"現代美術の作品を楽しむ手がかり満載の本「アートブックWHO」大垣美穂子号を発行します！,/projects/artbookwho,プロジェクトが成立しました！,109%,219000,4月14日"
"仮設住宅に住む高齢者の方々の運動不足やストレスを解消させる「リアル野球盤」,/projects/real_ykb,プロジェクトが成立しました！,100%,301000,4月9日"
"多くの子に奨学金を！世界中の子どもが軽井沢でリーダーシップを学ぶ「ISAKサマースクール」,/projects/isak2013,プロジェクトが成立しました！,113%,2848000,4月7日"
"3.20【HAPPY DAY】を日本全国に広めたい！,/projects/HAPPYDAY,プロジェクトが成立しました！,123%,370000,4月5日"
"踊りで被災地にエールを！　双葉町避難所訪問,/projects/TEAM-SAMURAI,プロジェクトが成立しました！,104%,366000,4月1日"
"FUKUSHIMA PIECE（ふくしまピース）プロジェクト,/projects/f-piece,プロジェクトが成立しました！,124%,1248000,3月31日"
"Ｈａｐｐｙ Ｆｌｏｗｅｒ Ｐｒｏｊｅｃｔ （HappyDream in雲雀ヶ原）,/projects/artsforhope,プロジェクトが成立しました！,102%,1026000,3月31日"
"子どもと真剣に向き合う先生を支え抜き、教育に変革を起こすWEBサービス「SENSEI NOTE」,/projects/senseinote,プロジェクトが成立しました！,101%,3059000,3月24日"
"保養×国際交流  南相馬から成田空港に中学生12名を送り届けるバスを！,/projects/FukushimaKodomo2013,プロジェクトが成立しました！,142%,341000,3月22日"
"南三陸町歌津地区に子ども達が笑顔で楽しめる遊び場を。,/projects/minamisanriku-kodomonoasobiba,プロジェクトが成立しました！,136%,1092000,3月20日"
"コアラを守りたい！～東山動植物園コアラ応援プロジェクト～,/projects/higashiyama,プロジェクトが成立しました！,475%,4759000,3月17日"
"被災地宮城県山元町のからっぽの図書館を大好きな本でいっぱいにしよう,/projects/mintosho,プロジェクトが成立しました！,115%,2301000,3月16日"
"飛騨をみんなで楽しむ『ひだびと。』第４号プロジェクト,/projects/hidabito04,プロジェクトが成立しました！,110%,221500,3月15日"
"山口県の高校生が、自分の将来について考える機会をつくる「未来SoZoワークショップ」,/projects/yen_miraisozo,プロジェクトが成立しました！,111%,111000,3月13日"
"山田町に仮設倉庫を建てて、漁師さん達が生計を立てられるようにする,/projects/Yamadadome,プロジェクトが成立しました！,116%,1134000,3月12日"
"被災地閖上の日和山を訪れる人の安全のため階段に手すりを！,/projects/yuriage,プロジェクトが成立しました！,149%,447000,3月10日"
"「福島現代美術ビエンナーレ」 記録資料集の出版,/projects/fukubien2012,プロジェクトが成立しました！,123%,1235000,3月7日"
"アメリカ西海岸で起業家精神を学ぶ！「佐賀県海外使節団」,/projects/saga_delegation,プロジェクトが成立しました！,110%,551000,3月5日"
"若者の心に火をつける！第2回日本を創り継ぐプロジェクト開催,/projects/tsukutsugu2nd,プロジェクトが成立しました！,101%,1015000,3月2日"
"日本有数の豪雪地・新潟県津南雪まつりでスカイランタンを打ち上げよう,/projects/Tsunan_SnowFestival,プロジェクトが成立しました！,107%,215000,3月1日"
"「ともにある　 Cinema with Us　 忘れないために」,/projects/tomoniaru_cinema,プロジェクトが成立しました！,105%,316000,3月1日"
"敦賀で映画『SNOWGIRL』を撮る！監督：山下大裕,/projects/SNOWGIRL,プロジェクトが成立しました！,116%,232000,2月25日"
"おばあちゃん達の「宝物」を集めた写真展「大槌の宝箱」を開催,/projects/takarabako,プロジェクトが成立しました！,152%,916000,2月22日"
"沖縄での「和田中の1000日」映画上映会を通じて地域と学校をつなげる教育を,/projects/wada1000days,プロジェクトが成立しました！,119%,715000,2月21日"
"石巻のカーシェアリングを応援しよう！第２弾,/projects/carsharing2,プロジェクトが成立しました！,147%,147000,2月18日"
"世界最高峰の羊皮でエチオピアの職人が作るエシカルブランド「andu amet」,/projects/andu_amet,プロジェクトが成立しました！,178%,1781000,2月17日"
"過去の戦争を知り、未来を考えるきっかけを作るワークショップ授業,/projects/Bridgeforpeace,プロジェクトが成立しました！,110%,276000,2月16日"
"日帰り保育園バスを購入し、福島の子どもたちに毎日外遊びをさせてあげたい！,/projects/idouhoiku,プロジェクトが成立しました！,115%,1731000,2月15日"
"偉人のことばを集めた、こども向けえんぴつ練習帳を出版したい！,/projects/Impresa,プロジェクトが成立しました！,108%,486000,2月15日"
"グアテマラ沖大地震SOS！コーヒー生産者の生活再建を,/projects/guatemala,プロジェクトが成立しました！,118%,590000,2月15日"
"火事で全焼したレストランの再建にご協力を。ルワンダ私の挑戦。,/projects/Rwiz_Village,プロジェクトが成立しました！,378%,756000,2月14日"
"いっぱい遊ぼう！福島っ子ウィンターキャンプ,/projects/fukushima-kidscamp,プロジェクトが成立しました！,110%,275000,2月13日"
"子どもたちに夢を追いかける大切さを伝えたい！プロレスチャリティイベント「FIGHTING AID 大館」,/projects/FIGHTINGAID,プロジェクトが成立しました！,101%,1214000,2月11日"
"未来を生きる子どもたちへ\"本物に出会う感動\"を提供する情操教育を〜キッズファン,/projects/KidsFun,プロジェクトが成立しました！,112%,394000,2月10日"
"「薪ボイラー先進国」欧州へ、新米バイヤーを送り出そう！,/projects/maki-bo,プロジェクトが成立しました！,134%,201000,2月7日"
"越前福井の料亭若女将が俳句集『心結び』で伝えるおもてなしの心,/projects/canon_kokoromusubi,プロジェクトが成立しました！,151%,453000,2月4日"
"フィリピンセブ島のスラムLoregaに散乱するゴミをなくし、子供たちの健康と笑顔を守りたい！,/projects/hopelorega,プロジェクトが成立しました！,124%,124000,2月1日"
"東北にアソビを出前し、地元と一緒に子どもの居場所をつくる「移動式子ども基地」,/projects/kodomokichi,プロジェクトが成立しました！,110%,1108000,1月21日"
"3年で辞めた若者100人インタビュー　早期離職白書　,/projects/kailabo,プロジェクトが成立しました！,135%,406000,1月20日"
"被災地に出来た子どもの遊び場を残す　あそびーばー,/projects/asobiba,プロジェクトが成立しました！,143%,2145000,1月16日"
"ＮＺの子ども達に震災の教訓を伝えるため「ミラクル釜石子ども親善大使」を派遣したい,/projects/kamaishi,プロジェクトが成立しました！,120%,2407000,1月16日"
"作家がデビュー作をリメイク！前代未聞の展覧会「But Fresh」のカタログ制作,/projects/butfresh,プロジェクトが成立しました！,111%,223000,1月14日"
"福島県南相馬市での絵本ライブ・絵本棚作り～Fathering Japan～,/projects/papa-aid,プロジェクトが成立しました！,129%,909000,1月9日"
"スタディツアー「このそら」in いわき市,/projects/teamneighbor,プロジェクトが成立しました！,117%,94000,1月5日"
"石巻のカーシェアリングを応援しよう！,/projects/carsharing,プロジェクトが成立しました！,116%,116000,1月4日"
"福井の人々との出会いを楽しむ  旅のガイドブック～福井人～,/projects/fukui_jin,プロジェクトが成立しました！,171%,1714000,12月31日"
"ナプキンをフィリピン農村部の女性に届けるプロジェクト,/projects/napkin,プロジェクトが成立しました！,155%,3107000,12月27日"
"バングラデシュのマハムニの子供達100人に最高のXmasを！,/projects/mahamuni-Xmas,プロジェクトが成立しました！,169%,169000,12月26日"
"東ティモールの子どもたちに文房具のセットと笑顔を～スマイルギフトキャンペーン～,/projects/smilegift-campaign,プロジェクトが成立しました！,100%,200000,12月21日"
"日本のアパレルをもっと盛り上げる～人と人をつなぐwebマガジンをつくる～,/projects/match_maga,プロジェクトが成立しました！,102%,51000,12月18日"
"アジア新興国で日本人は働けるのか？日本人採用事情を調査する,/projects/moasia,プロジェクトが成立しました！,148%,119000,12月17日"
"誰もが自由に研究発表できる学会「第3回ニコニコ学会β」を開催,/projects/niconicogakkai3,プロジェクトが成立しました！,171%,1030900,12月13日"
"情熱で東北に笑顔を！ミュージカルを東北で創り上げ公演します。,/projects/touhoku_musical,プロジェクトが成立しました！,164%,822500,12月12日"
"ロンドン五輪から東北のスポーツマンへ贈る「応援」メッセージ,/projects/runfortohokujapan,プロジェクトが成立しました！,113%,453000,12月8日"
"世界最先端の映画を、日本に届けるプロジェクト,/projects/dotdashfilm,プロジェクトが成立しました！,134%,469000,12月4日"
"「見えない」を価値に変える晩餐会開催！～『暗闇三昧』プロジェクト～,/projects/kurayami_bansankai,プロジェクトが成立しました！,138%,277000,12月4日"
"被災地へ音楽と手作りお菓子で笑顔を届ける♪　　カフェ＆コンサート,/projects/acchi-cocchi,プロジェクトが成立しました！,106%,319000,11月26日"
"世界を変える女性の人材育成合宿セミナー～江の島EX塾～,/projects/enoshima_ex,プロジェクトが成立しました！,101%,505000,11月23日"
"宮城県栗原の伝統工芸品をパリへ、「日本の技栗原展」,/projects/Paris-KURIHARA_229,プロジェクトが成立しました！,100%,151000,11月18日"
"聴覚障害者と健聴者をつなぐプロレスイベント「HERO」を応援しよう！,/projects/hero-deaf-japan-prowrestling,プロジェクトが成立しました！,111%,391000,11月18日"
"東北の小さな「声」を届けよう！メッセージ3.11展覧会,/projects/message311,プロジェクトが成立しました！,107%,646000,11月16日"
"カンボジアの学校のない地域に、無料で通える小学校を～HEROプロジェクト～,/projects/hero_cambodia_school,プロジェクトが成立しました！,123%,1487000,11月16日"
"障害学生進路発見イベント２０１２〜障害のある子どもの未来を広げる〜,/projects/event2012,プロジェクトが成立しました！,101%,101000,11月14日"
"沖縄・宮古島で女性と子どものための絵本文庫を作る～ありんこ文庫～,/projects/arinko_bunko,プロジェクトが成立しました！,126%,632000,11月12日"
"全米最大級の日本の芸術祭『JAM』、ユーストで日米をつなぐ,/projects/JAM,プロジェクトが成立しました！,112%,112000,11月10日"
"モンゴルの孤児院で暮らす子ども達を夢の舞台へ！「太陽のコンサート」,/projects/sunshine_concert,プロジェクトが成立しました！,156%,156500,11月7日"
"大人も子どもも平等でいられる場「asobi基地」,/projects/asobikichi,プロジェクトが成立しました！,169%,508000,11月3日"
"「みんなの家」プロジェクト～親子の居場所になる石巻の保育園～,/projects/minnanoie,プロジェクトが成立しました！,125%,1507000,11月2日"
"在来野菜を｢食べて守る｣ムーブメントを広げ、地域の魅力を守る,/projects/yomirepi,プロジェクトが成立しました！,109%,382900,10月30日"
"中高生と社会人をつなぐライフマッチングデータベース開発,/projects/asudessan,プロジェクトが成立しました！,109%,766000,10月23日"
"歌舞伎や『寅さん』、大切な日本の文化の宝箱を守る。,/projects/ootanitosyokan,プロジェクトが成立しました！,178%,3579000,10月23日"
"石巻市十三浜ワカメ・ホタテの復興・再生　十三浜の挑戦,/projects/zyusanhama,プロジェクトが成立しました！,110%,770000,10月23日"
"スリランカの孤児及び貧困女性の就業・自立支援「染め工房」,/projects/kokoroken-somekobo,プロジェクトが成立しました！,128%,1284000,10月19日"
"子どもと地域をつなぎ、まちを元気に！　「こどものまち」,/projects/kodomonomachi,プロジェクトが成立しました！,113%,113000,10月13日"
"コミュニティの大切さを学び人々との縁を創る福島スタディツアー,/projects/FCC,プロジェクトが成立しました！,172%,516000,10月4日"
"シブヤで多様性の可能性を感じよう！　PEOPLE DESIGN MIXTURE,/projects/peopledesign-mix,プロジェクトが成立しました！,141%,212000,10月1日"
"津波被害で「沈黙した町」岩手県大槌に地域メディアを創る,/projects/otsuchi-future-paper,プロジェクトが成立しました！,166%,2496000,10月1日"
"小沢剛 - あなたが誰かを好きなように、誰もが誰かを好き,/projects/ozawatsuyoshi-artpj,プロジェクトが成立しました！,169%,1017000,9月30日"
"ひとみ座乙女文楽、スロベニア・マリボル公演を応援しよう！,/projects/hitomiza-otome-bunraku,プロジェクトが成立しました！,104%,313000,9月30日"
"日比野克彦がラオスの小学生と絵を描く～ポントゥン村美術部～,/projects/minsai,プロジェクトが成立しました！,106%,850000,9月30日"
"21世紀型実験工房。ものづくり日本から、ものつくる日本人へ。,/projects/fablab,プロジェクトが成立しました！,129%,1299000,9月30日"
"被災地対面カウンセリング～メンタルケアを通じた復興支援～,/projects/cocoro_shien,プロジェクトが成立しました！,110%,550000,9月29日"
"消えゆく伝統芸能の道具を復元したい -伝統芸能の道具ラボ-,/projects/dougu-lab,プロジェクトが成立しました！,102%,716000,9月29日"
"被災地の「女川つながる図書館」を大好きな本でいっぱいにしよう,/projects/tsunagaru_library,プロジェクトが成立しました！,160%,3201000,9月28日"
"難民が日本で安心して暮らせる社会を目指して　新難民法の実現へ,/projects/194,プロジェクトが成立しました！,144%,722000,9月28日"
"巨大刑務所！？封鎖都市ガザ版ドラゴン桜,/projects/gaza_dragon,プロジェクトが成立しました！,108%,1089000,9月27日"
"自然と遊ぼう！福島っ子保養ピクニック,/projects/187lets-go-picnic,プロジェクトが成立しました！,114%,171000,9月21日"
"被災地にとびきり美味しいご飯と、集まれる場を。,/projects/ishinomo-kitchin,プロジェクトが成立しました！,123%,2472000,9月11日"
"東北の女性をつなぐ～福島のお母さんたちと行く石巻～,/projects/fukushima-ishinomaki,プロジェクトが成立しました！,120%,432000,9月1日"
"福島の子どもたちに笑顔を～アカデミーキャンプ 2012夏～,/projects/acacam2012s,プロジェクトが成立しました！,160%,640000,8月25日"
"飛騨を共に楽しむ『ひだびと。』第３号プロジェクト,/projects/hidabito02,プロジェクトが成立しました！,122%,305700,8月25日"
"「ぱれコレ」障害の有無、世代を超えて作るファッションイベント,/projects/plcl2012,プロジェクトが成立しました！,119%,358500,8月23日"
"欧州で日本人は働けるのか？欧州日本人現地採用事情を調査する,/projects/morizo,プロジェクトが成立しました！,136%,136500,8月17日"
"佐渡の国際芸術祭と福島をサンバのリズムで架け橋を繋ぐ,/projects/171,プロジェクトが成立しました！,158%,317000,8月17日"
"レディース・リード ~パキスタンの女性に教育を届けたい~,/projects/4uworld,プロジェクトが成立しました！,218%,181000,8月14日"
"東北産ブレスレットを世界へ 〜復興地に仕事とつながりを創造〜,/projects/made-in-tohoku-japan,プロジェクトが成立しました！,154%,154000,8月9日"
"東北の力を取り戻そう！～起業家をつなぐコワーキングスペース～,/projects/cocolin,プロジェクトが成立しました！,135%,405000,8月7日"
"日雇い労働者の街、山谷の現状。写真集作成プロジェクト,/projects/nerorism,プロジェクトが成立しました！,135%,880000,7月30日"
"僕らの夏休みproject　〜とびきりの夏休みをプレゼント〜,/projects/bokunatsu,プロジェクトが成立しました！,106%,532000,7月26日"
"”福島-ロンドン 夢の架け橋” 被災地の子どもたちを世界へ,/projects/yumeno_kakehashi,プロジェクトが成立しました！,102%,3077000,7月16日"
"ガイガーカウンターミーティングふくしま,/projects/GCM_fukushima,プロジェクトが成立しました！,268%,1290000,7月15日"
"「島」の専用棚を全国の書店に。「島Books」プロジェクト,/projects/shimabooks,プロジェクトが成立しました！,122%,2204000,7月12日"
"ごしごし福島基金～郡山市の幼稚園プール開きのための除染活動～,/projects/goshigoshi-fukushima,プロジェクトが成立しました！,121%,1514000,7月10日"
"キング牧師の末裔であるモンタナさんの歌声を被災地に届けよう,/projects/fukko-concert,プロジェクトが成立しました！,105%,317000,7月10日"
"火災を受けたミャンマーの難民キャンプにみんなで本を贈ろう。,/projects/heal_heart_with_library117,プロジェクトが成立しました！,133%,1070000,6月30日"
"インターネットでフィリピンのスラム街に職を作るプロジェクト,/projects/philippines_2nd,プロジェクトが成立しました！,116%,464000,6月29日"
"プロジェクトＧ、俳優と被災地の高校生で人種を超えて演劇をする,/projects/projectG_WS_minamisouma,プロジェクトが成立しました！,109%,218000,6月27日"
"第3回『西表島☆わくわく疎開ツアー』プロジェクト,/projects/wakuwakutour,プロジェクトが成立しました！,101%,508000,6月26日"
"館山をもっと元気に！歩いていける無人島フェス『あわのネ』,/projects/awanone,プロジェクトが成立しました！,105%,158000,6月25日"
"『マウイ太鼓』アロハツアー2012 東北公演＆映画上映,/projects/mauitaiko,プロジェクトが成立しました！,153%,307000,6月17日"
"世界の希望は日本から！greenz.jpの記事を、世界へ！,/projects/yosh_greenzjp,プロジェクトが成立しました！,308%,463000,6月14日"
"パレスチナ難民キャンプ版ドラゴン桜,/projects/palestine_dragon,プロジェクトが成立しました！,185%,928000,6月14日"
"バングラデシュで現地の職人さんと新しい手帳を創るプロジェクト,/projects/Bangladesh-techo,プロジェクトが成立しました！,132%,530000,6月13日"
"「なでしこVoice」海外で働く女性への第三弾取材旅行,/projects/nadeshiko-voice,プロジェクトが成立しました！,132%,159000,6月11日"
"ハイチ人医師を日本の医療教育で育成し、結核患者を救いたい！,/projects/haichi-doctor,プロジェクトが成立しました！,103%,2070000,6月4日"
"ネパールで売春宿から保護された女性達にメイクアップ職業訓練を,/projects/Coffret,プロジェクトが成立しました！,110%,2765000,5月24日"
"誰もが自由に研究をする新しい学会ニコニコ学会βプロジェクト,/projects/niconicogakkai,プロジェクトが成立しました！,140%,1405000,5月14日"
"第1回ただいまをあっちでも,/projects/tadaimawoacchidemo,プロジェクトが成立しました！,105%,105000,5月12日"
"『紙芝居師なっちゃんの「紙芝居で皆と笑顔を」プロジェクト』,/projects/kamishibai,プロジェクトが成立しました！,128%,231000,5月10日"
"陸前高田市の空っぽの図書室を本でいっぱいにしようプロジェクト,/projects/an_empty_library,プロジェクトが成立しました！,412%,8245000,4月30日"
"京の町を清掃いたし申し候！,/projects/omotenashimin,プロジェクトが成立しました！,102%,51000,4月28日"
"フィリピンのセブ島に暮らす貧しい子供たちに健やかな学校生活を,/projects/gift_a_lunch,プロジェクトが成立しました！,119%,191000,4月10日"
"「iOSの教科書」印刷製本プロジェクト,/projects/ios-kyokasyo,プロジェクトが成立しました！,229%,689000,4月8日"
"信楽ACT 2012,/projects/shigaraki,プロジェクトが成立しました！,109%,109000,3月29日"
"東北落語ボランティア出前ツアー,/projects/demaerakugo,プロジェクトが成立しました！,170%,511000,3月21日"
"ミャンマーで病に苦しむ一人の少女の『心』を救う！,/projects/japanheart_vol1,プロジェクトが成立しました！,108%,3265000,3月20日"
"飛騨を共に楽しむ『ひだびと。』第２号発刊プロジェクト,/projects/hidabito,プロジェクトが成立しました！,125%,188500,3月17日"
"東北福寄席プロジェクト,/projects/rakugo,プロジェクトが成立しました！,160%,80000,3月11日"
"「ワタノハスマイル」イタリア展,/projects/watanohaSmile,プロジェクトが成立しました！,140%,4229000,2月28日"
"東京~仙台　370キロ「元気玉ドリブル横断」,/projects/dribble,プロジェクトが成立しました！,101%,457000,2月25日"
"坂野カップ～クメール語で読書感想文コンテストを～,/projects/banno_cup,プロジェクトが成立しました！,112%,56000,2月7日"
"この道48年の彫り士が手がけるApple製品のケース,/projects/tady,プロジェクトが成立しました！,244%,733000,1月8日"
"Japanese Junction,/projects/Japan_Junction,プロジェクトが成立しました！,102%,153000,12月28日"
"ふくしま大望年会～福島市内５ヶ所の仮設の集会所での忘年会～,/projects/bounenkai,プロジェクトが成立しました！,103%,207000,12月27日"
"被災地と支援者の思いをつなげるクリスマス会,/projects/christmas_party,プロジェクトが成立しました！,232%,116000,12月18日"
"写真から伝える、未知国の今。～みちのくcaravan～,/projects/michinoku_caravan,プロジェクトが成立しました！,114%,114000,12月9日"
"アート＆カルチャーマガジン「mograg magazine」,/projects/mograg_vol3,プロジェクトが成立しました！,105%,158500,11月19日"
"石巻の声を伝えるために～『VOICE』絶望から希望の発信を～,/projects/voice1,プロジェクトが成立しました！,116%,233000,11月13日"
"SNOWBANK PAY IT FORWARD 2011,/projects/snowbank2011,プロジェクトが成立しました！,111%,555000,11月7日"
"『山元町　坂元の夜空に、大輪の華を』今年最後の花火大会,/projects/sakamoto_hanabi,プロジェクトが成立しました！,136%,682000,11月3日"
"detroit7の10周年記念7インチアナログ盤シングル,/projects/detroit_7,プロジェクトが成立しました！,256%,385000,10月17日"
"~幸せとは~女性心理を表現する書の作品集,/projects/31,プロジェクトが成立しました！,184%,665000,9月13日"
"学生による学生のための東北ボランティアCMプロジェクト,/projects/creadtive_cmproject,プロジェクトが成立しました！,100%,50000,9月11日"
"バングラデシュ・15 歳のための雑誌創刊プロジェクト！,/projects/DAISUKE_MIYOSHI,プロジェクトが成立しました！,141%,163000,8月31日"
"CASA PROJECT in 南三陸町,/projects/casa_project,プロジェクトが成立しました！,104%,125000,8月27日"
"気仙沼のサッカー少年をJリーガーによるサッカー教室に招待！,/projects/sagantosu_kizuna,プロジェクトが成立しました！,103%,3111000,8月23日"
"復興への目印、ながしずてぬぐいプロジェクト,/projects/nagashizutenugui,プロジェクトが成立しました！,156%,312000,8月17日"
"慶應大学SFCによる復興支援！みんなで作ろうさかなのアーチ,/projects/kesenuma_fukkou,プロジェクトが成立しました！,166%,83000,8月12日"
"ひらのりょうのDVD作品集ほしいひとー！お金ちょーだい！！,/projects/HIRANO_RYO,プロジェクトが成立しました！,142%,164000,7月31日"
"14番目の偉人はキミ！学校に『DISTANCE』を贈ろう,/projects/33,プロジェクトが成立しました！,120%,360000,7月15日"
"原発と放射能の見えない恐怖と知っておくべき本当の話,/projects/30,プロジェクトが成立しました！,189%,474000,6月30日"
"アジア最貧国ドラゴン桜,/projects/14,プロジェクトが成立しました！,197%,394000,6月23日"
"「動く絵―新しい映画の形」,/projects/11,プロジェクトが成立しました！,100%,50000,5月30日"
"医療を伝えるアート,/projects/21,プロジェクトが成立しました！,131%,131000,5月16日"
